{
  "service": {
    "service": "serverlesstask",
    "serviceObject": {
      "name": "serverlesstask"
    },
    "provider": {
      "name": "aws",
      "runtime": "nodejs12.x",
      "lambdaHashingVersion": "20201221",
      "profile": "serverlessUser",
      "vpc": {
        "securityGroupIds": [
          "sg-81eaa099"
        ],
        "subnetIds": [
          "subnet-e1fbe3ac",
          "subnet-94c3c19a"
        ]
      },
      "stage": "dev",
      "region": "us-east-1",
      "versionFunctions": true,
      "compiledCloudFormationTemplate": {
        "AWSTemplateFormatVersion": "2010-09-09",
        "Description": "The AWS CloudFormation template for this Serverless application",
        "Resources": {
          "ServerlessDeploymentBucket": {
            "Type": "AWS::S3::Bucket",
            "Properties": {
              "BucketEncryption": {
                "ServerSideEncryptionConfiguration": [
                  {
                    "ServerSideEncryptionByDefault": {
                      "SSEAlgorithm": "AES256"
                    }
                  }
                ]
              }
            }
          },
          "ServerlessDeploymentBucketPolicy": {
            "Type": "AWS::S3::BucketPolicy",
            "Properties": {
              "Bucket": {
                "Ref": "ServerlessDeploymentBucket"
              },
              "PolicyDocument": {
                "Statement": [
                  {
                    "Action": "s3:*",
                    "Effect": "Deny",
                    "Principal": "*",
                    "Resource": [
                      {
                        "Fn::Join": [
                          "",
                          [
                            "arn:",
                            {
                              "Ref": "AWS::Partition"
                            },
                            ":s3:::",
                            {
                              "Ref": "ServerlessDeploymentBucket"
                            },
                            "/*"
                          ]
                        ]
                      },
                      {
                        "Fn::Join": [
                          "",
                          [
                            "arn:",
                            {
                              "Ref": "AWS::Partition"
                            },
                            ":s3:::",
                            {
                              "Ref": "ServerlessDeploymentBucket"
                            }
                          ]
                        ]
                      }
                    ],
                    "Condition": {
                      "Bool": {
                        "aws:SecureTransport": false
                      }
                    }
                  }
                ]
              }
            }
          },
          "GetDataLogGroup": {
            "Type": "AWS::Logs::LogGroup",
            "Properties": {
              "LogGroupName": "/aws/lambda/serverlesstask-dev-getData"
            }
          },
          "GetJobsLogGroup": {
            "Type": "AWS::Logs::LogGroup",
            "Properties": {
              "LogGroupName": "/aws/lambda/serverlesstask-dev-getJobs"
            }
          },
          "GetRolesLogGroup": {
            "Type": "AWS::Logs::LogGroup",
            "Properties": {
              "LogGroupName": "/aws/lambda/serverlesstask-dev-getRoles"
            }
          },
          "GetSuggestionsLogGroup": {
            "Type": "AWS::Logs::LogGroup",
            "Properties": {
              "LogGroupName": "/aws/lambda/serverlesstask-dev-getSuggestions"
            }
          },
          "GetConnectionDataLogGroup": {
            "Type": "AWS::Logs::LogGroup",
            "Properties": {
              "LogGroupName": "/aws/lambda/serverlesstask-dev-getConnectionData"
            }
          },
          "GetContactsLogGroup": {
            "Type": "AWS::Logs::LogGroup",
            "Properties": {
              "LogGroupName": "/aws/lambda/serverlesstask-dev-getContacts"
            }
          },
          "GetPeopleFromRDSLogGroup": {
            "Type": "AWS::Logs::LogGroup",
            "Properties": {
              "LogGroupName": "/aws/lambda/serverlesstask-dev-getPeopleFromRDS"
            }
          },
          "IamRoleLambdaExecution": {
            "Type": "AWS::IAM::Role",
            "Properties": {
              "AssumeRolePolicyDocument": {
                "Version": "2012-10-17",
                "Statement": [
                  {
                    "Effect": "Allow",
                    "Principal": {
                      "Service": [
                        "lambda.amazonaws.com"
                      ]
                    },
                    "Action": [
                      "sts:AssumeRole"
                    ]
                  }
                ]
              },
              "Policies": [
                {
                  "PolicyName": {
                    "Fn::Join": [
                      "-",
                      [
                        "serverlesstask",
                        "dev",
                        "lambda"
                      ]
                    ]
                  },
                  "PolicyDocument": {
                    "Version": "2012-10-17",
                    "Statement": [
                      {
                        "Effect": "Allow",
                        "Action": [
                          "logs:CreateLogStream",
                          "logs:CreateLogGroup"
                        ],
                        "Resource": [
                          {
                            "Fn::Sub": "arn:${AWS::Partition}:logs:${AWS::Region}:${AWS::AccountId}:log-group:/aws/lambda/serverlesstask-dev*:*"
                          }
                        ]
                      },
                      {
                        "Effect": "Allow",
                        "Action": [
                          "logs:PutLogEvents"
                        ],
                        "Resource": [
                          {
                            "Fn::Sub": "arn:${AWS::Partition}:logs:${AWS::Region}:${AWS::AccountId}:log-group:/aws/lambda/serverlesstask-dev*:*:*"
                          }
                        ]
                      }
                    ]
                  }
                }
              ],
              "Path": "/",
              "RoleName": {
                "Fn::Join": [
                  "-",
                  [
                    "serverlesstask",
                    "dev",
                    {
                      "Ref": "AWS::Region"
                    },
                    "lambdaRole"
                  ]
                ]
              },
              "ManagedPolicyArns": [
                {
                  "Fn::Join": [
                    "",
                    [
                      "arn:",
                      {
                        "Ref": "AWS::Partition"
                      },
                      ":iam::aws:policy/service-role/AWSLambdaVPCAccessExecutionRole"
                    ]
                  ]
                }
              ]
            }
          },
          "GetDataLambdaFunction": {
            "Type": "AWS::Lambda::Function",
            "Properties": {
              "Code": {
                "S3Bucket": {
                  "Ref": "ServerlessDeploymentBucket"
                },
                "S3Key": "serverless/serverlesstask/dev/1624969472722-2021-06-29T12:24:32.722Z/serverlesstask.zip"
              },
              "Handler": "lambdas/getData.handler",
              "Runtime": "nodejs12.x",
              "FunctionName": "serverlesstask-dev-getData",
              "MemorySize": 1024,
              "Timeout": 6,
              "Role": {
                "Fn::GetAtt": [
                  "IamRoleLambdaExecution",
                  "Arn"
                ]
              },
              "VpcConfig": {
                "SecurityGroupIds": {
                  "$ref": "$[\"service\"][\"provider\"][\"vpc\"][\"securityGroupIds\"]"
                },
                "SubnetIds": {
                  "$ref": "$[\"service\"][\"provider\"][\"vpc\"][\"subnetIds\"]"
                }
              }
            },
            "DependsOn": [
              "GetDataLogGroup"
            ]
          },
          "GetJobsLambdaFunction": {
            "Type": "AWS::Lambda::Function",
            "Properties": {
              "Code": {
                "S3Bucket": {
                  "Ref": "ServerlessDeploymentBucket"
                },
                "S3Key": "serverless/serverlesstask/dev/1624969472722-2021-06-29T12:24:32.722Z/serverlesstask.zip"
              },
              "Handler": "lambdas/getJobs.handler",
              "Runtime": "nodejs12.x",
              "FunctionName": "serverlesstask-dev-getJobs",
              "MemorySize": 1024,
              "Timeout": 6,
              "Role": {
                "Fn::GetAtt": [
                  "IamRoleLambdaExecution",
                  "Arn"
                ]
              },
              "VpcConfig": {
                "SecurityGroupIds": {
                  "$ref": "$[\"service\"][\"provider\"][\"vpc\"][\"securityGroupIds\"]"
                },
                "SubnetIds": {
                  "$ref": "$[\"service\"][\"provider\"][\"vpc\"][\"subnetIds\"]"
                }
              }
            },
            "DependsOn": [
              "GetJobsLogGroup"
            ]
          },
          "GetRolesLambdaFunction": {
            "Type": "AWS::Lambda::Function",
            "Properties": {
              "Code": {
                "S3Bucket": {
                  "Ref": "ServerlessDeploymentBucket"
                },
                "S3Key": "serverless/serverlesstask/dev/1624969472722-2021-06-29T12:24:32.722Z/serverlesstask.zip"
              },
              "Handler": "lambdas/getRoles.handler",
              "Runtime": "nodejs12.x",
              "FunctionName": "serverlesstask-dev-getRoles",
              "MemorySize": 1024,
              "Timeout": 6,
              "Role": {
                "Fn::GetAtt": [
                  "IamRoleLambdaExecution",
                  "Arn"
                ]
              },
              "VpcConfig": {
                "SecurityGroupIds": {
                  "$ref": "$[\"service\"][\"provider\"][\"vpc\"][\"securityGroupIds\"]"
                },
                "SubnetIds": {
                  "$ref": "$[\"service\"][\"provider\"][\"vpc\"][\"subnetIds\"]"
                }
              }
            },
            "DependsOn": [
              "GetRolesLogGroup"
            ]
          },
          "GetSuggestionsLambdaFunction": {
            "Type": "AWS::Lambda::Function",
            "Properties": {
              "Code": {
                "S3Bucket": {
                  "Ref": "ServerlessDeploymentBucket"
                },
                "S3Key": "serverless/serverlesstask/dev/1624969472722-2021-06-29T12:24:32.722Z/serverlesstask.zip"
              },
              "Handler": "lambdas/getSuggestions.handler",
              "Runtime": "nodejs12.x",
              "FunctionName": "serverlesstask-dev-getSuggestions",
              "MemorySize": 1024,
              "Timeout": 6,
              "Role": {
                "Fn::GetAtt": [
                  "IamRoleLambdaExecution",
                  "Arn"
                ]
              },
              "VpcConfig": {
                "SecurityGroupIds": {
                  "$ref": "$[\"service\"][\"provider\"][\"vpc\"][\"securityGroupIds\"]"
                },
                "SubnetIds": {
                  "$ref": "$[\"service\"][\"provider\"][\"vpc\"][\"subnetIds\"]"
                }
              }
            },
            "DependsOn": [
              "GetSuggestionsLogGroup"
            ]
          },
          "GetConnectionDataLambdaFunction": {
            "Type": "AWS::Lambda::Function",
            "Properties": {
              "Code": {
                "S3Bucket": {
                  "Ref": "ServerlessDeploymentBucket"
                },
                "S3Key": "serverless/serverlesstask/dev/1624969472722-2021-06-29T12:24:32.722Z/serverlesstask.zip"
              },
              "Handler": "lambdas/getConnectionData.handler",
              "Runtime": "nodejs12.x",
              "FunctionName": "serverlesstask-dev-getConnectionData",
              "MemorySize": 1024,
              "Timeout": 6,
              "Role": {
                "Fn::GetAtt": [
                  "IamRoleLambdaExecution",
                  "Arn"
                ]
              },
              "VpcConfig": {
                "SecurityGroupIds": {
                  "$ref": "$[\"service\"][\"provider\"][\"vpc\"][\"securityGroupIds\"]"
                },
                "SubnetIds": {
                  "$ref": "$[\"service\"][\"provider\"][\"vpc\"][\"subnetIds\"]"
                }
              }
            },
            "DependsOn": [
              "GetConnectionDataLogGroup"
            ]
          },
          "GetContactsLambdaFunction": {
            "Type": "AWS::Lambda::Function",
            "Properties": {
              "Code": {
                "S3Bucket": {
                  "Ref": "ServerlessDeploymentBucket"
                },
                "S3Key": "serverless/serverlesstask/dev/1624969472722-2021-06-29T12:24:32.722Z/serverlesstask.zip"
              },
              "Handler": "lambdas/getContacts.handler",
              "Runtime": "nodejs12.x",
              "FunctionName": "serverlesstask-dev-getContacts",
              "MemorySize": 1024,
              "Timeout": 6,
              "Role": {
                "Fn::GetAtt": [
                  "IamRoleLambdaExecution",
                  "Arn"
                ]
              },
              "VpcConfig": {
                "SecurityGroupIds": {
                  "$ref": "$[\"service\"][\"provider\"][\"vpc\"][\"securityGroupIds\"]"
                },
                "SubnetIds": {
                  "$ref": "$[\"service\"][\"provider\"][\"vpc\"][\"subnetIds\"]"
                }
              }
            },
            "DependsOn": [
              "GetContactsLogGroup"
            ]
          },
          "GetPeopleFromRDSLambdaFunction": {
            "Type": "AWS::Lambda::Function",
            "Properties": {
              "Code": {
                "S3Bucket": {
                  "Ref": "ServerlessDeploymentBucket"
                },
                "S3Key": "serverless/serverlesstask/dev/1624969472722-2021-06-29T12:24:32.722Z/serverlesstask.zip"
              },
              "Handler": "lambdas/getPeopleFromRDS.handler",
              "Runtime": "nodejs12.x",
              "FunctionName": "serverlesstask-dev-getPeopleFromRDS",
              "MemorySize": 1024,
              "Timeout": 6,
              "Role": {
                "Fn::GetAtt": [
                  "IamRoleLambdaExecution",
                  "Arn"
                ]
              },
              "VpcConfig": {
                "SecurityGroupIds": {
                  "$ref": "$[\"service\"][\"provider\"][\"vpc\"][\"securityGroupIds\"]"
                },
                "SubnetIds": {
                  "$ref": "$[\"service\"][\"provider\"][\"vpc\"][\"subnetIds\"]"
                }
              }
            },
            "DependsOn": [
              "GetPeopleFromRDSLogGroup"
            ]
          },
          "GetDataLambdaVersionI0RrTELDftfKdQOVCYLT66PrTGbcl9xOWf5KgGp0I": {
            "Type": "AWS::Lambda::Version",
            "DeletionPolicy": "Retain",
            "Properties": {
              "FunctionName": {
                "Ref": "GetDataLambdaFunction"
              },
              "CodeSha256": "VWBVKx205ZDdDN71SR9jTyLcfRtd45POpGbjTbn3wb0="
            }
          },
          "GetJobsLambdaVersion6QxLqeDKbmThG5l6CCdnvQ5XQwFujyeLSgiMmqilgI": {
            "Type": "AWS::Lambda::Version",
            "DeletionPolicy": "Retain",
            "Properties": {
              "FunctionName": {
                "Ref": "GetJobsLambdaFunction"
              },
              "CodeSha256": "VWBVKx205ZDdDN71SR9jTyLcfRtd45POpGbjTbn3wb0="
            }
          },
          "GetRolesLambdaVersionwVhGymop3zYSht8ZIcTQeZYHSuCDmM0HKL4AqFnUQbA": {
            "Type": "AWS::Lambda::Version",
            "DeletionPolicy": "Retain",
            "Properties": {
              "FunctionName": {
                "Ref": "GetRolesLambdaFunction"
              },
              "CodeSha256": "VWBVKx205ZDdDN71SR9jTyLcfRtd45POpGbjTbn3wb0="
            }
          },
          "GetSuggestionsLambdaVersionng1MQKet2d0DlmFeUtWpV7pkyf9qdwKHuGsk6io1NM": {
            "Type": "AWS::Lambda::Version",
            "DeletionPolicy": "Retain",
            "Properties": {
              "FunctionName": {
                "Ref": "GetSuggestionsLambdaFunction"
              },
              "CodeSha256": "VWBVKx205ZDdDN71SR9jTyLcfRtd45POpGbjTbn3wb0="
            }
          },
          "GetConnectionDataLambdaVersion3NQior00e9YiyNsr8etNQc1lbfRbR0AbWc2tev7EyQ": {
            "Type": "AWS::Lambda::Version",
            "DeletionPolicy": "Retain",
            "Properties": {
              "FunctionName": {
                "Ref": "GetConnectionDataLambdaFunction"
              },
              "CodeSha256": "VWBVKx205ZDdDN71SR9jTyLcfRtd45POpGbjTbn3wb0="
            }
          },
          "GetContactsLambdaVersionJ5JIfgnFfmt0cOJ3q30PnOTYDxruooTPzInjgmB8": {
            "Type": "AWS::Lambda::Version",
            "DeletionPolicy": "Retain",
            "Properties": {
              "FunctionName": {
                "Ref": "GetContactsLambdaFunction"
              },
              "CodeSha256": "VWBVKx205ZDdDN71SR9jTyLcfRtd45POpGbjTbn3wb0="
            }
          },
          "GetPeopleFromRDSLambdaVersionrLKQ5Lo857H7ruFhOS6pWANzYNFYRBH8mKgVm7OsM": {
            "Type": "AWS::Lambda::Version",
            "DeletionPolicy": "Retain",
            "Properties": {
              "FunctionName": {
                "Ref": "GetPeopleFromRDSLambdaFunction"
              },
              "CodeSha256": "VWBVKx205ZDdDN71SR9jTyLcfRtd45POpGbjTbn3wb0="
            }
          },
          "ApiGatewayRestApi": {
            "Type": "AWS::ApiGateway::RestApi",
            "Properties": {
              "Name": "dev-serverlesstask",
              "EndpointConfiguration": {
                "Types": [
                  "EDGE"
                ]
              },
              "Policy": ""
            }
          },
          "ApiGatewayResourceGetDashdata": {
            "Type": "AWS::ApiGateway::Resource",
            "Properties": {
              "ParentId": {
                "Fn::GetAtt": [
                  "ApiGatewayRestApi",
                  "RootResourceId"
                ]
              },
              "PathPart": "get-data",
              "RestApiId": {
                "Ref": "ApiGatewayRestApi"
              }
            }
          },
          "ApiGatewayResourceGetDashjobs": {
            "Type": "AWS::ApiGateway::Resource",
            "Properties": {
              "ParentId": {
                "Fn::GetAtt": [
                  "ApiGatewayRestApi",
                  "RootResourceId"
                ]
              },
              "PathPart": "get-jobs",
              "RestApiId": {
                "Ref": "ApiGatewayRestApi"
              }
            }
          },
          "ApiGatewayResourceGetDashroles": {
            "Type": "AWS::ApiGateway::Resource",
            "Properties": {
              "ParentId": {
                "Fn::GetAtt": [
                  "ApiGatewayRestApi",
                  "RootResourceId"
                ]
              },
              "PathPart": "get-roles",
              "RestApiId": {
                "Ref": "ApiGatewayRestApi"
              }
            }
          },
          "ApiGatewayResourceGetDashsuggestions": {
            "Type": "AWS::ApiGateway::Resource",
            "Properties": {
              "ParentId": {
                "Fn::GetAtt": [
                  "ApiGatewayRestApi",
                  "RootResourceId"
                ]
              },
              "PathPart": "get-suggestions",
              "RestApiId": {
                "Ref": "ApiGatewayRestApi"
              }
            }
          },
          "ApiGatewayResourceGetDashconnectiondata": {
            "Type": "AWS::ApiGateway::Resource",
            "Properties": {
              "ParentId": {
                "Fn::GetAtt": [
                  "ApiGatewayRestApi",
                  "RootResourceId"
                ]
              },
              "PathPart": "get-connectionData",
              "RestApiId": {
                "Ref": "ApiGatewayRestApi"
              }
            }
          },
          "ApiGatewayResourceGetDashcontacts": {
            "Type": "AWS::ApiGateway::Resource",
            "Properties": {
              "ParentId": {
                "Fn::GetAtt": [
                  "ApiGatewayRestApi",
                  "RootResourceId"
                ]
              },
              "PathPart": "get-contacts",
              "RestApiId": {
                "Ref": "ApiGatewayRestApi"
              }
            }
          },
          "ApiGatewayResourceGetDashpeoples": {
            "Type": "AWS::ApiGateway::Resource",
            "Properties": {
              "ParentId": {
                "Fn::GetAtt": [
                  "ApiGatewayRestApi",
                  "RootResourceId"
                ]
              },
              "PathPart": "get-peoples",
              "RestApiId": {
                "Ref": "ApiGatewayRestApi"
              }
            }
          },
          "ApiGatewayMethodGetDashdataOptions": {
            "Type": "AWS::ApiGateway::Method",
            "Properties": {
              "AuthorizationType": "NONE",
              "HttpMethod": "OPTIONS",
              "MethodResponses": [
                {
                  "StatusCode": "200",
                  "ResponseParameters": {
                    "method.response.header.Access-Control-Allow-Origin": true,
                    "method.response.header.Access-Control-Allow-Headers": true,
                    "method.response.header.Access-Control-Allow-Methods": true
                  },
                  "ResponseModels": {}
                }
              ],
              "RequestParameters": {},
              "Integration": {
                "Type": "MOCK",
                "RequestTemplates": {
                  "application/json": "{statusCode:200}"
                },
                "ContentHandling": "CONVERT_TO_TEXT",
                "IntegrationResponses": [
                  {
                    "StatusCode": "200",
                    "ResponseParameters": {
                      "method.response.header.Access-Control-Allow-Origin": "'*'",
                      "method.response.header.Access-Control-Allow-Headers": "'Content-Type,X-Amz-Date,Authorization,X-Api-Key,X-Amz-Security-Token,X-Amz-User-Agent'",
                      "method.response.header.Access-Control-Allow-Methods": "'OPTIONS,GET'"
                    },
                    "ResponseTemplates": {
                      "application/json": "#set($origin = $input.params(\"Origin\"))\n#if($origin == \"\") #set($origin = $input.params(\"origin\")) #end\n#if($origin.matches(\".+\")) #set($context.responseOverride.header.Access-Control-Allow-Origin = $origin) #end"
                    }
                  }
                ]
              },
              "ResourceId": {
                "Ref": "ApiGatewayResourceGetDashdata"
              },
              "RestApiId": {
                "Ref": "ApiGatewayRestApi"
              }
            }
          },
          "ApiGatewayMethodGetDashjobsOptions": {
            "Type": "AWS::ApiGateway::Method",
            "Properties": {
              "AuthorizationType": "NONE",
              "HttpMethod": "OPTIONS",
              "MethodResponses": [
                {
                  "StatusCode": "200",
                  "ResponseParameters": {
                    "method.response.header.Access-Control-Allow-Origin": true,
                    "method.response.header.Access-Control-Allow-Headers": true,
                    "method.response.header.Access-Control-Allow-Methods": true
                  },
                  "ResponseModels": {}
                }
              ],
              "RequestParameters": {},
              "Integration": {
                "Type": "MOCK",
                "RequestTemplates": {
                  "application/json": "{statusCode:200}"
                },
                "ContentHandling": "CONVERT_TO_TEXT",
                "IntegrationResponses": [
                  {
                    "StatusCode": "200",
                    "ResponseParameters": {
                      "method.response.header.Access-Control-Allow-Origin": "'*'",
                      "method.response.header.Access-Control-Allow-Headers": "'Content-Type,X-Amz-Date,Authorization,X-Api-Key,X-Amz-Security-Token,X-Amz-User-Agent'",
                      "method.response.header.Access-Control-Allow-Methods": "'OPTIONS,GET'"
                    },
                    "ResponseTemplates": {
                      "application/json": "#set($origin = $input.params(\"Origin\"))\n#if($origin == \"\") #set($origin = $input.params(\"origin\")) #end\n#if($origin.matches(\".+\")) #set($context.responseOverride.header.Access-Control-Allow-Origin = $origin) #end"
                    }
                  }
                ]
              },
              "ResourceId": {
                "Ref": "ApiGatewayResourceGetDashjobs"
              },
              "RestApiId": {
                "Ref": "ApiGatewayRestApi"
              }
            }
          },
          "ApiGatewayMethodGetDashrolesOptions": {
            "Type": "AWS::ApiGateway::Method",
            "Properties": {
              "AuthorizationType": "NONE",
              "HttpMethod": "OPTIONS",
              "MethodResponses": [
                {
                  "StatusCode": "200",
                  "ResponseParameters": {
                    "method.response.header.Access-Control-Allow-Origin": true,
                    "method.response.header.Access-Control-Allow-Headers": true,
                    "method.response.header.Access-Control-Allow-Methods": true
                  },
                  "ResponseModels": {}
                }
              ],
              "RequestParameters": {},
              "Integration": {
                "Type": "MOCK",
                "RequestTemplates": {
                  "application/json": "{statusCode:200}"
                },
                "ContentHandling": "CONVERT_TO_TEXT",
                "IntegrationResponses": [
                  {
                    "StatusCode": "200",
                    "ResponseParameters": {
                      "method.response.header.Access-Control-Allow-Origin": "'*'",
                      "method.response.header.Access-Control-Allow-Headers": "'Content-Type,X-Amz-Date,Authorization,X-Api-Key,X-Amz-Security-Token,X-Amz-User-Agent'",
                      "method.response.header.Access-Control-Allow-Methods": "'OPTIONS,GET'"
                    },
                    "ResponseTemplates": {
                      "application/json": "#set($origin = $input.params(\"Origin\"))\n#if($origin == \"\") #set($origin = $input.params(\"origin\")) #end\n#if($origin.matches(\".+\")) #set($context.responseOverride.header.Access-Control-Allow-Origin = $origin) #end"
                    }
                  }
                ]
              },
              "ResourceId": {
                "Ref": "ApiGatewayResourceGetDashroles"
              },
              "RestApiId": {
                "Ref": "ApiGatewayRestApi"
              }
            }
          },
          "ApiGatewayMethodGetDashsuggestionsOptions": {
            "Type": "AWS::ApiGateway::Method",
            "Properties": {
              "AuthorizationType": "NONE",
              "HttpMethod": "OPTIONS",
              "MethodResponses": [
                {
                  "StatusCode": "200",
                  "ResponseParameters": {
                    "method.response.header.Access-Control-Allow-Origin": true,
                    "method.response.header.Access-Control-Allow-Headers": true,
                    "method.response.header.Access-Control-Allow-Methods": true
                  },
                  "ResponseModels": {}
                }
              ],
              "RequestParameters": {},
              "Integration": {
                "Type": "MOCK",
                "RequestTemplates": {
                  "application/json": "{statusCode:200}"
                },
                "ContentHandling": "CONVERT_TO_TEXT",
                "IntegrationResponses": [
                  {
                    "StatusCode": "200",
                    "ResponseParameters": {
                      "method.response.header.Access-Control-Allow-Origin": "'*'",
                      "method.response.header.Access-Control-Allow-Headers": "'Content-Type,X-Amz-Date,Authorization,X-Api-Key,X-Amz-Security-Token,X-Amz-User-Agent'",
                      "method.response.header.Access-Control-Allow-Methods": "'OPTIONS,GET'"
                    },
                    "ResponseTemplates": {
                      "application/json": "#set($origin = $input.params(\"Origin\"))\n#if($origin == \"\") #set($origin = $input.params(\"origin\")) #end\n#if($origin.matches(\".+\")) #set($context.responseOverride.header.Access-Control-Allow-Origin = $origin) #end"
                    }
                  }
                ]
              },
              "ResourceId": {
                "Ref": "ApiGatewayResourceGetDashsuggestions"
              },
              "RestApiId": {
                "Ref": "ApiGatewayRestApi"
              }
            }
          },
          "ApiGatewayMethodGetDashconnectiondataOptions": {
            "Type": "AWS::ApiGateway::Method",
            "Properties": {
              "AuthorizationType": "NONE",
              "HttpMethod": "OPTIONS",
              "MethodResponses": [
                {
                  "StatusCode": "200",
                  "ResponseParameters": {
                    "method.response.header.Access-Control-Allow-Origin": true,
                    "method.response.header.Access-Control-Allow-Headers": true,
                    "method.response.header.Access-Control-Allow-Methods": true
                  },
                  "ResponseModels": {}
                }
              ],
              "RequestParameters": {},
              "Integration": {
                "Type": "MOCK",
                "RequestTemplates": {
                  "application/json": "{statusCode:200}"
                },
                "ContentHandling": "CONVERT_TO_TEXT",
                "IntegrationResponses": [
                  {
                    "StatusCode": "200",
                    "ResponseParameters": {
                      "method.response.header.Access-Control-Allow-Origin": "'*'",
                      "method.response.header.Access-Control-Allow-Headers": "'Content-Type,X-Amz-Date,Authorization,X-Api-Key,X-Amz-Security-Token,X-Amz-User-Agent'",
                      "method.response.header.Access-Control-Allow-Methods": "'OPTIONS,GET'"
                    },
                    "ResponseTemplates": {
                      "application/json": "#set($origin = $input.params(\"Origin\"))\n#if($origin == \"\") #set($origin = $input.params(\"origin\")) #end\n#if($origin.matches(\".+\")) #set($context.responseOverride.header.Access-Control-Allow-Origin = $origin) #end"
                    }
                  }
                ]
              },
              "ResourceId": {
                "Ref": "ApiGatewayResourceGetDashconnectiondata"
              },
              "RestApiId": {
                "Ref": "ApiGatewayRestApi"
              }
            }
          },
          "ApiGatewayMethodGetDashcontactsOptions": {
            "Type": "AWS::ApiGateway::Method",
            "Properties": {
              "AuthorizationType": "NONE",
              "HttpMethod": "OPTIONS",
              "MethodResponses": [
                {
                  "StatusCode": "200",
                  "ResponseParameters": {
                    "method.response.header.Access-Control-Allow-Origin": true,
                    "method.response.header.Access-Control-Allow-Headers": true,
                    "method.response.header.Access-Control-Allow-Methods": true
                  },
                  "ResponseModels": {}
                }
              ],
              "RequestParameters": {},
              "Integration": {
                "Type": "MOCK",
                "RequestTemplates": {
                  "application/json": "{statusCode:200}"
                },
                "ContentHandling": "CONVERT_TO_TEXT",
                "IntegrationResponses": [
                  {
                    "StatusCode": "200",
                    "ResponseParameters": {
                      "method.response.header.Access-Control-Allow-Origin": "'*'",
                      "method.response.header.Access-Control-Allow-Headers": "'Content-Type,X-Amz-Date,Authorization,X-Api-Key,X-Amz-Security-Token,X-Amz-User-Agent'",
                      "method.response.header.Access-Control-Allow-Methods": "'OPTIONS,GET'"
                    },
                    "ResponseTemplates": {
                      "application/json": "#set($origin = $input.params(\"Origin\"))\n#if($origin == \"\") #set($origin = $input.params(\"origin\")) #end\n#if($origin.matches(\".+\")) #set($context.responseOverride.header.Access-Control-Allow-Origin = $origin) #end"
                    }
                  }
                ]
              },
              "ResourceId": {
                "Ref": "ApiGatewayResourceGetDashcontacts"
              },
              "RestApiId": {
                "Ref": "ApiGatewayRestApi"
              }
            }
          },
          "ApiGatewayMethodGetDashpeoplesOptions": {
            "Type": "AWS::ApiGateway::Method",
            "Properties": {
              "AuthorizationType": "NONE",
              "HttpMethod": "OPTIONS",
              "MethodResponses": [
                {
                  "StatusCode": "200",
                  "ResponseParameters": {
                    "method.response.header.Access-Control-Allow-Origin": true,
                    "method.response.header.Access-Control-Allow-Headers": true,
                    "method.response.header.Access-Control-Allow-Methods": true
                  },
                  "ResponseModels": {}
                }
              ],
              "RequestParameters": {},
              "Integration": {
                "Type": "MOCK",
                "RequestTemplates": {
                  "application/json": "{statusCode:200}"
                },
                "ContentHandling": "CONVERT_TO_TEXT",
                "IntegrationResponses": [
                  {
                    "StatusCode": "200",
                    "ResponseParameters": {
                      "method.response.header.Access-Control-Allow-Origin": "'*'",
                      "method.response.header.Access-Control-Allow-Headers": "'Content-Type,X-Amz-Date,Authorization,X-Api-Key,X-Amz-Security-Token,X-Amz-User-Agent'",
                      "method.response.header.Access-Control-Allow-Methods": "'OPTIONS,GET'"
                    },
                    "ResponseTemplates": {
                      "application/json": "#set($origin = $input.params(\"Origin\"))\n#if($origin == \"\") #set($origin = $input.params(\"origin\")) #end\n#if($origin.matches(\".+\")) #set($context.responseOverride.header.Access-Control-Allow-Origin = $origin) #end"
                    }
                  }
                ]
              },
              "ResourceId": {
                "Ref": "ApiGatewayResourceGetDashpeoples"
              },
              "RestApiId": {
                "Ref": "ApiGatewayRestApi"
              }
            }
          },
          "ApiGatewayMethodGetDashdataGet": {
            "Type": "AWS::ApiGateway::Method",
            "Properties": {
              "HttpMethod": "GET",
              "RequestParameters": {},
              "ResourceId": {
                "Ref": "ApiGatewayResourceGetDashdata"
              },
              "RestApiId": {
                "Ref": "ApiGatewayRestApi"
              },
              "ApiKeyRequired": false,
              "AuthorizationType": "COGNITO_USER_POOLS",
              "AuthorizerId": {
                "Ref": "ApiGatewayAuthorizer"
              },
              "Integration": {
                "IntegrationHttpMethod": "POST",
                "Type": "AWS_PROXY",
                "Uri": {
                  "Fn::Join": [
                    "",
                    [
                      "arn:",
                      {
                        "Ref": "AWS::Partition"
                      },
                      ":apigateway:",
                      {
                        "Ref": "AWS::Region"
                      },
                      ":lambda:path/2015-03-31/functions/",
                      {
                        "Fn::GetAtt": [
                          "GetDataLambdaFunction",
                          "Arn"
                        ]
                      },
                      "/invocations"
                    ]
                  ]
                }
              },
              "MethodResponses": []
            }
          },
          "ApiGatewayMethodGetDashjobsGet": {
            "Type": "AWS::ApiGateway::Method",
            "Properties": {
              "HttpMethod": "GET",
              "RequestParameters": {},
              "ResourceId": {
                "Ref": "ApiGatewayResourceGetDashjobs"
              },
              "RestApiId": {
                "Ref": "ApiGatewayRestApi"
              },
              "ApiKeyRequired": false,
              "AuthorizationType": "COGNITO_USER_POOLS",
              "AuthorizerId": {
                "Ref": "ApiGatewayAuthorizer"
              },
              "Integration": {
                "IntegrationHttpMethod": "POST",
                "Type": "AWS_PROXY",
                "Uri": {
                  "Fn::Join": [
                    "",
                    [
                      "arn:",
                      {
                        "Ref": "AWS::Partition"
                      },
                      ":apigateway:",
                      {
                        "Ref": "AWS::Region"
                      },
                      ":lambda:path/2015-03-31/functions/",
                      {
                        "Fn::GetAtt": [
                          "GetJobsLambdaFunction",
                          "Arn"
                        ]
                      },
                      "/invocations"
                    ]
                  ]
                }
              },
              "MethodResponses": []
            }
          },
          "ApiGatewayMethodGetDashrolesGet": {
            "Type": "AWS::ApiGateway::Method",
            "Properties": {
              "HttpMethod": "GET",
              "RequestParameters": {},
              "ResourceId": {
                "Ref": "ApiGatewayResourceGetDashroles"
              },
              "RestApiId": {
                "Ref": "ApiGatewayRestApi"
              },
              "ApiKeyRequired": false,
              "AuthorizationType": "COGNITO_USER_POOLS",
              "AuthorizerId": {
                "Ref": "ApiGatewayAuthorizer"
              },
              "Integration": {
                "IntegrationHttpMethod": "POST",
                "Type": "AWS_PROXY",
                "Uri": {
                  "Fn::Join": [
                    "",
                    [
                      "arn:",
                      {
                        "Ref": "AWS::Partition"
                      },
                      ":apigateway:",
                      {
                        "Ref": "AWS::Region"
                      },
                      ":lambda:path/2015-03-31/functions/",
                      {
                        "Fn::GetAtt": [
                          "GetRolesLambdaFunction",
                          "Arn"
                        ]
                      },
                      "/invocations"
                    ]
                  ]
                }
              },
              "MethodResponses": []
            }
          },
          "ApiGatewayMethodGetDashsuggestionsGet": {
            "Type": "AWS::ApiGateway::Method",
            "Properties": {
              "HttpMethod": "GET",
              "RequestParameters": {},
              "ResourceId": {
                "Ref": "ApiGatewayResourceGetDashsuggestions"
              },
              "RestApiId": {
                "Ref": "ApiGatewayRestApi"
              },
              "ApiKeyRequired": false,
              "AuthorizationType": "COGNITO_USER_POOLS",
              "AuthorizerId": {
                "Ref": "ApiGatewayAuthorizer"
              },
              "Integration": {
                "IntegrationHttpMethod": "POST",
                "Type": "AWS_PROXY",
                "Uri": {
                  "Fn::Join": [
                    "",
                    [
                      "arn:",
                      {
                        "Ref": "AWS::Partition"
                      },
                      ":apigateway:",
                      {
                        "Ref": "AWS::Region"
                      },
                      ":lambda:path/2015-03-31/functions/",
                      {
                        "Fn::GetAtt": [
                          "GetSuggestionsLambdaFunction",
                          "Arn"
                        ]
                      },
                      "/invocations"
                    ]
                  ]
                }
              },
              "MethodResponses": []
            }
          },
          "ApiGatewayMethodGetDashconnectiondataGet": {
            "Type": "AWS::ApiGateway::Method",
            "Properties": {
              "HttpMethod": "GET",
              "RequestParameters": {},
              "ResourceId": {
                "Ref": "ApiGatewayResourceGetDashconnectiondata"
              },
              "RestApiId": {
                "Ref": "ApiGatewayRestApi"
              },
              "ApiKeyRequired": false,
              "AuthorizationType": "COGNITO_USER_POOLS",
              "AuthorizerId": {
                "Ref": "ApiGatewayAuthorizer"
              },
              "Integration": {
                "IntegrationHttpMethod": "POST",
                "Type": "AWS_PROXY",
                "Uri": {
                  "Fn::Join": [
                    "",
                    [
                      "arn:",
                      {
                        "Ref": "AWS::Partition"
                      },
                      ":apigateway:",
                      {
                        "Ref": "AWS::Region"
                      },
                      ":lambda:path/2015-03-31/functions/",
                      {
                        "Fn::GetAtt": [
                          "GetConnectionDataLambdaFunction",
                          "Arn"
                        ]
                      },
                      "/invocations"
                    ]
                  ]
                }
              },
              "MethodResponses": []
            }
          },
          "ApiGatewayMethodGetDashcontactsGet": {
            "Type": "AWS::ApiGateway::Method",
            "Properties": {
              "HttpMethod": "GET",
              "RequestParameters": {},
              "ResourceId": {
                "Ref": "ApiGatewayResourceGetDashcontacts"
              },
              "RestApiId": {
                "Ref": "ApiGatewayRestApi"
              },
              "ApiKeyRequired": false,
              "AuthorizationType": "COGNITO_USER_POOLS",
              "AuthorizerId": {
                "Ref": "ApiGatewayAuthorizer"
              },
              "Integration": {
                "IntegrationHttpMethod": "POST",
                "Type": "AWS_PROXY",
                "Uri": {
                  "Fn::Join": [
                    "",
                    [
                      "arn:",
                      {
                        "Ref": "AWS::Partition"
                      },
                      ":apigateway:",
                      {
                        "Ref": "AWS::Region"
                      },
                      ":lambda:path/2015-03-31/functions/",
                      {
                        "Fn::GetAtt": [
                          "GetContactsLambdaFunction",
                          "Arn"
                        ]
                      },
                      "/invocations"
                    ]
                  ]
                }
              },
              "MethodResponses": []
            }
          },
          "ApiGatewayMethodGetDashpeoplesGet": {
            "Type": "AWS::ApiGateway::Method",
            "Properties": {
              "HttpMethod": "GET",
              "RequestParameters": {},
              "ResourceId": {
                "Ref": "ApiGatewayResourceGetDashpeoples"
              },
              "RestApiId": {
                "Ref": "ApiGatewayRestApi"
              },
              "ApiKeyRequired": false,
              "AuthorizationType": "COGNITO_USER_POOLS",
              "AuthorizerId": {
                "Ref": "ApiGatewayAuthorizer"
              },
              "Integration": {
                "IntegrationHttpMethod": "POST",
                "Type": "AWS_PROXY",
                "Uri": {
                  "Fn::Join": [
                    "",
                    [
                      "arn:",
                      {
                        "Ref": "AWS::Partition"
                      },
                      ":apigateway:",
                      {
                        "Ref": "AWS::Region"
                      },
                      ":lambda:path/2015-03-31/functions/",
                      {
                        "Fn::GetAtt": [
                          "GetPeopleFromRDSLambdaFunction",
                          "Arn"
                        ]
                      },
                      "/invocations"
                    ]
                  ]
                }
              },
              "MethodResponses": []
            }
          },
          "ApiGatewayDeployment1624969465789": {
            "Type": "AWS::ApiGateway::Deployment",
            "Properties": {
              "RestApiId": {
                "Ref": "ApiGatewayRestApi"
              },
              "StageName": "dev"
            },
            "DependsOn": [
              "ApiGatewayMethodGetDashdataOptions",
              "ApiGatewayMethodGetDashjobsOptions",
              "ApiGatewayMethodGetDashrolesOptions",
              "ApiGatewayMethodGetDashsuggestionsOptions",
              "ApiGatewayMethodGetDashconnectiondataOptions",
              "ApiGatewayMethodGetDashcontactsOptions",
              "ApiGatewayMethodGetDashpeoplesOptions",
              "ApiGatewayMethodGetDashdataGet",
              "ApiGatewayMethodGetDashjobsGet",
              "ApiGatewayMethodGetDashrolesGet",
              "ApiGatewayMethodGetDashsuggestionsGet",
              "ApiGatewayMethodGetDashconnectiondataGet",
              "ApiGatewayMethodGetDashcontactsGet",
              "ApiGatewayMethodGetDashpeoplesGet"
            ]
          },
          "GetDataLambdaPermissionApiGateway": {
            "Type": "AWS::Lambda::Permission",
            "Properties": {
              "FunctionName": {
                "Fn::GetAtt": [
                  "GetDataLambdaFunction",
                  "Arn"
                ]
              },
              "Action": "lambda:InvokeFunction",
              "Principal": "apigateway.amazonaws.com",
              "SourceArn": {
                "Fn::Join": [
                  "",
                  [
                    "arn:",
                    {
                      "Ref": "AWS::Partition"
                    },
                    ":execute-api:",
                    {
                      "Ref": "AWS::Region"
                    },
                    ":",
                    {
                      "Ref": "AWS::AccountId"
                    },
                    ":",
                    {
                      "Ref": "ApiGatewayRestApi"
                    },
                    "/*/*"
                  ]
                ]
              }
            }
          },
          "GetJobsLambdaPermissionApiGateway": {
            "Type": "AWS::Lambda::Permission",
            "Properties": {
              "FunctionName": {
                "Fn::GetAtt": [
                  "GetJobsLambdaFunction",
                  "Arn"
                ]
              },
              "Action": "lambda:InvokeFunction",
              "Principal": "apigateway.amazonaws.com",
              "SourceArn": {
                "Fn::Join": [
                  "",
                  [
                    "arn:",
                    {
                      "Ref": "AWS::Partition"
                    },
                    ":execute-api:",
                    {
                      "Ref": "AWS::Region"
                    },
                    ":",
                    {
                      "Ref": "AWS::AccountId"
                    },
                    ":",
                    {
                      "Ref": "ApiGatewayRestApi"
                    },
                    "/*/*"
                  ]
                ]
              }
            }
          },
          "GetRolesLambdaPermissionApiGateway": {
            "Type": "AWS::Lambda::Permission",
            "Properties": {
              "FunctionName": {
                "Fn::GetAtt": [
                  "GetRolesLambdaFunction",
                  "Arn"
                ]
              },
              "Action": "lambda:InvokeFunction",
              "Principal": "apigateway.amazonaws.com",
              "SourceArn": {
                "Fn::Join": [
                  "",
                  [
                    "arn:",
                    {
                      "Ref": "AWS::Partition"
                    },
                    ":execute-api:",
                    {
                      "Ref": "AWS::Region"
                    },
                    ":",
                    {
                      "Ref": "AWS::AccountId"
                    },
                    ":",
                    {
                      "Ref": "ApiGatewayRestApi"
                    },
                    "/*/*"
                  ]
                ]
              }
            }
          },
          "GetSuggestionsLambdaPermissionApiGateway": {
            "Type": "AWS::Lambda::Permission",
            "Properties": {
              "FunctionName": {
                "Fn::GetAtt": [
                  "GetSuggestionsLambdaFunction",
                  "Arn"
                ]
              },
              "Action": "lambda:InvokeFunction",
              "Principal": "apigateway.amazonaws.com",
              "SourceArn": {
                "Fn::Join": [
                  "",
                  [
                    "arn:",
                    {
                      "Ref": "AWS::Partition"
                    },
                    ":execute-api:",
                    {
                      "Ref": "AWS::Region"
                    },
                    ":",
                    {
                      "Ref": "AWS::AccountId"
                    },
                    ":",
                    {
                      "Ref": "ApiGatewayRestApi"
                    },
                    "/*/*"
                  ]
                ]
              }
            }
          },
          "GetConnectionDataLambdaPermissionApiGateway": {
            "Type": "AWS::Lambda::Permission",
            "Properties": {
              "FunctionName": {
                "Fn::GetAtt": [
                  "GetConnectionDataLambdaFunction",
                  "Arn"
                ]
              },
              "Action": "lambda:InvokeFunction",
              "Principal": "apigateway.amazonaws.com",
              "SourceArn": {
                "Fn::Join": [
                  "",
                  [
                    "arn:",
                    {
                      "Ref": "AWS::Partition"
                    },
                    ":execute-api:",
                    {
                      "Ref": "AWS::Region"
                    },
                    ":",
                    {
                      "Ref": "AWS::AccountId"
                    },
                    ":",
                    {
                      "Ref": "ApiGatewayRestApi"
                    },
                    "/*/*"
                  ]
                ]
              }
            }
          },
          "GetContactsLambdaPermissionApiGateway": {
            "Type": "AWS::Lambda::Permission",
            "Properties": {
              "FunctionName": {
                "Fn::GetAtt": [
                  "GetContactsLambdaFunction",
                  "Arn"
                ]
              },
              "Action": "lambda:InvokeFunction",
              "Principal": "apigateway.amazonaws.com",
              "SourceArn": {
                "Fn::Join": [
                  "",
                  [
                    "arn:",
                    {
                      "Ref": "AWS::Partition"
                    },
                    ":execute-api:",
                    {
                      "Ref": "AWS::Region"
                    },
                    ":",
                    {
                      "Ref": "AWS::AccountId"
                    },
                    ":",
                    {
                      "Ref": "ApiGatewayRestApi"
                    },
                    "/*/*"
                  ]
                ]
              }
            }
          },
          "GetPeopleFromRDSLambdaPermissionApiGateway": {
            "Type": "AWS::Lambda::Permission",
            "Properties": {
              "FunctionName": {
                "Fn::GetAtt": [
                  "GetPeopleFromRDSLambdaFunction",
                  "Arn"
                ]
              },
              "Action": "lambda:InvokeFunction",
              "Principal": "apigateway.amazonaws.com",
              "SourceArn": {
                "Fn::Join": [
                  "",
                  [
                    "arn:",
                    {
                      "Ref": "AWS::Partition"
                    },
                    ":execute-api:",
                    {
                      "Ref": "AWS::Region"
                    },
                    ":",
                    {
                      "Ref": "AWS::AccountId"
                    },
                    ":",
                    {
                      "Ref": "ApiGatewayRestApi"
                    },
                    "/*/*"
                  ]
                ]
              }
            }
          },
          "CognitoUserPool": {
            "Type": "AWS::Cognito::UserPool",
            "Properties": {
              "MfaConfiguration": "OFF",
              "UserPoolName": "my-user-pool",
              "UsernameAttributes": [
                "email"
              ],
              "AutoVerifiedAttributes": [
                "email"
              ],
              "Policies": {
                "PasswordPolicy": {
                  "MinimumLength": 6,
                  "RequireLowercase": false,
                  "RequireNumbers": true,
                  "RequireSymbols": false,
                  "RequireUppercase": true
                }
              }
            }
          },
          "CognitoUserPoolClient": {
            "Type": "AWS::Cognito::UserPoolClient",
            "Properties": {
              "ClientName": "my-user-pool-client",
              "GenerateSecret": false,
              "UserPoolId": {
                "Ref": "CognitoUserPool"
              }
            }
          },
          "ApiGatewayAuthorizer": {
            "DependsOn": [
              "ApiGatewayRestApi"
            ],
            "Type": "AWS::ApiGateway::Authorizer",
            "Properties": {
              "Name": "cognito-authorizer",
              "IdentitySource": "method.request.header.Authorization",
              "RestApiId": {
                "Ref": "ApiGatewayRestApi"
              },
              "Type": "COGNITO_USER_POOLS",
              "ProviderARNs": [
                {
                  "Fn::GetAtt": [
                    "CognitoUserPool",
                    "Arn"
                  ]
                }
              ]
            }
          },
          "MyDB": {
            "Type": "AWS::RDS::DBInstance",
            "Properties": {
              "DBInstanceIdentifier": "demodb",
              "AllocatedStorage": "5",
              "DBInstanceClass": "db.t2.micro",
              "Engine": "MySQL",
              "MasterUsername": "admin",
              "MasterUserPassword": "password",
              "PubliclyAccessible": true,
              "Port": 3306
            }
          }
        },
        "Outputs": {
          "ServerlessDeploymentBucketName": {
            "Value": {
              "Ref": "ServerlessDeploymentBucket"
            },
            "Export": {
              "Name": "sls-serverlesstask-dev-ServerlessDeploymentBucketName"
            }
          },
          "GetDataLambdaFunctionQualifiedArn": {
            "Description": "Current Lambda function version",
            "Value": {
              "Ref": "GetDataLambdaVersionI0RrTELDftfKdQOVCYLT66PrTGbcl9xOWf5KgGp0I"
            },
            "Export": {
              "Name": "sls-serverlesstask-dev-GetDataLambdaFunctionQualifiedArn"
            }
          },
          "GetJobsLambdaFunctionQualifiedArn": {
            "Description": "Current Lambda function version",
            "Value": {
              "Ref": "GetJobsLambdaVersion6QxLqeDKbmThG5l6CCdnvQ5XQwFujyeLSgiMmqilgI"
            },
            "Export": {
              "Name": "sls-serverlesstask-dev-GetJobsLambdaFunctionQualifiedArn"
            }
          },
          "GetRolesLambdaFunctionQualifiedArn": {
            "Description": "Current Lambda function version",
            "Value": {
              "Ref": "GetRolesLambdaVersionwVhGymop3zYSht8ZIcTQeZYHSuCDmM0HKL4AqFnUQbA"
            },
            "Export": {
              "Name": "sls-serverlesstask-dev-GetRolesLambdaFunctionQualifiedArn"
            }
          },
          "GetSuggestionsLambdaFunctionQualifiedArn": {
            "Description": "Current Lambda function version",
            "Value": {
              "Ref": "GetSuggestionsLambdaVersionng1MQKet2d0DlmFeUtWpV7pkyf9qdwKHuGsk6io1NM"
            },
            "Export": {
              "Name": "sls-serverlesstask-dev-GetSuggestionsLambdaFunctionQualifiedArn"
            }
          },
          "GetConnectionDataLambdaFunctionQualifiedArn": {
            "Description": "Current Lambda function version",
            "Value": {
              "Ref": "GetConnectionDataLambdaVersion3NQior00e9YiyNsr8etNQc1lbfRbR0AbWc2tev7EyQ"
            },
            "Export": {
              "Name": "sls-serverlesstask-dev-GetConnectionDataLambdaFunctionQualifiedArn"
            }
          },
          "GetContactsLambdaFunctionQualifiedArn": {
            "Description": "Current Lambda function version",
            "Value": {
              "Ref": "GetContactsLambdaVersionJ5JIfgnFfmt0cOJ3q30PnOTYDxruooTPzInjgmB8"
            },
            "Export": {
              "Name": "sls-serverlesstask-dev-GetContactsLambdaFunctionQualifiedArn"
            }
          },
          "GetPeopleFromRDSLambdaFunctionQualifiedArn": {
            "Description": "Current Lambda function version",
            "Value": {
              "Ref": "GetPeopleFromRDSLambdaVersionrLKQ5Lo857H7ruFhOS6pWANzYNFYRBH8mKgVm7OsM"
            },
            "Export": {
              "Name": "sls-serverlesstask-dev-GetPeopleFromRDSLambdaFunctionQualifiedArn"
            }
          },
          "ServiceEndpoint": {
            "Description": "URL of the service endpoint",
            "Value": {
              "Fn::Join": [
                "",
                [
                  "https://",
                  {
                    "Ref": "ApiGatewayRestApi"
                  },
                  ".execute-api.",
                  {
                    "Ref": "AWS::Region"
                  },
                  ".",
                  {
                    "Ref": "AWS::URLSuffix"
                  },
                  "/dev"
                ]
              ]
            },
            "Export": {
              "Name": "sls-serverlesstask-dev-ServiceEndpoint"
            }
          }
        }
      },
      "coreCloudFormationTemplate": {
        "AWSTemplateFormatVersion": "2010-09-09",
        "Description": "The AWS CloudFormation template for this Serverless application",
        "Resources": {
          "ServerlessDeploymentBucket": {
            "Type": "AWS::S3::Bucket",
            "Properties": {
              "BucketEncryption": {
                "ServerSideEncryptionConfiguration": [
                  {
                    "ServerSideEncryptionByDefault": {
                      "SSEAlgorithm": "AES256"
                    }
                  }
                ]
              }
            }
          },
          "ServerlessDeploymentBucketPolicy": {
            "Type": "AWS::S3::BucketPolicy",
            "Properties": {
              "Bucket": {
                "Ref": "ServerlessDeploymentBucket"
              },
              "PolicyDocument": {
                "Statement": [
                  {
                    "Action": "s3:*",
                    "Effect": "Deny",
                    "Principal": "*",
                    "Resource": [
                      {
                        "Fn::Join": [
                          "",
                          [
                            "arn:",
                            {
                              "Ref": "AWS::Partition"
                            },
                            ":s3:::",
                            {
                              "Ref": "ServerlessDeploymentBucket"
                            },
                            "/*"
                          ]
                        ]
                      },
                      {
                        "Fn::Join": [
                          "",
                          [
                            "arn:",
                            {
                              "Ref": "AWS::Partition"
                            },
                            ":s3:::",
                            {
                              "Ref": "ServerlessDeploymentBucket"
                            }
                          ]
                        ]
                      }
                    ],
                    "Condition": {
                      "Bool": {
                        "aws:SecureTransport": false
                      }
                    }
                  }
                ]
              }
            }
          }
        },
        "Outputs": {
          "ServerlessDeploymentBucketName": {
            "Value": {
              "Ref": "ServerlessDeploymentBucket"
            }
          }
        }
      }
    },
    "pluginsData": {},
    "functions": {
      "getData": {
        "handler": "lambdas/getData.handler",
        "events": [
          {
            "http": {
              "path": "get-data",
              "method": "get",
              "cors": {
                "origins": [
                  "*"
                ],
                "origin": "*",
                "methods": [
                  "OPTIONS",
                  "GET"
                ],
                "headers": [
                  "Content-Type",
                  "X-Amz-Date",
                  "Authorization",
                  "X-Api-Key",
                  "X-Amz-Security-Token",
                  "X-Amz-User-Agent"
                ],
                "allowCredentials": false
              },
              "authorizer": {
                "type": "COGNITO_USER_POOLS",
                "managedExternally": false,
                "authorizerId": {
                  "Ref": "ApiGatewayAuthorizer"
                },
                "resultTtlInSeconds": 300,
                "identitySource": "method.request.header.Authorization",
                "claims": []
              },
              "integration": "AWS_PROXY"
            }
          }
        ],
        "name": "serverlesstask-dev-getData",
        "package": {},
        "memory": 1024,
        "timeout": 6,
        "runtime": "nodejs12.x",
        "vpc": {},
        "versionLogicalId": "GetDataLambdaVersionI0RrTELDftfKdQOVCYLT66PrTGbcl9xOWf5KgGp0I"
      },
      "getJobs": {
        "handler": "lambdas/getJobs.handler",
        "events": [
          {
            "http": {
              "path": "get-jobs",
              "method": "get",
              "cors": {
                "origins": [
                  "*"
                ],
                "origin": "*",
                "methods": [
                  "OPTIONS",
                  "GET"
                ],
                "headers": [
                  "Content-Type",
                  "X-Amz-Date",
                  "Authorization",
                  "X-Api-Key",
                  "X-Amz-Security-Token",
                  "X-Amz-User-Agent"
                ],
                "allowCredentials": false
              },
              "authorizer": {
                "type": "COGNITO_USER_POOLS",
                "managedExternally": false,
                "authorizerId": {
                  "Ref": "ApiGatewayAuthorizer"
                },
                "resultTtlInSeconds": 300,
                "identitySource": "method.request.header.Authorization",
                "claims": []
              },
              "integration": "AWS_PROXY"
            }
          }
        ],
        "name": "serverlesstask-dev-getJobs",
        "package": {},
        "memory": 1024,
        "timeout": 6,
        "runtime": "nodejs12.x",
        "vpc": {},
        "versionLogicalId": "GetJobsLambdaVersion6QxLqeDKbmThG5l6CCdnvQ5XQwFujyeLSgiMmqilgI"
      },
      "getRoles": {
        "handler": "lambdas/getRoles.handler",
        "events": [
          {
            "http": {
              "path": "get-roles",
              "method": "get",
              "cors": {
                "origins": [
                  "*"
                ],
                "origin": "*",
                "methods": [
                  "OPTIONS",
                  "GET"
                ],
                "headers": [
                  "Content-Type",
                  "X-Amz-Date",
                  "Authorization",
                  "X-Api-Key",
                  "X-Amz-Security-Token",
                  "X-Amz-User-Agent"
                ],
                "allowCredentials": false
              },
              "authorizer": {
                "type": "COGNITO_USER_POOLS",
                "managedExternally": false,
                "authorizerId": {
                  "Ref": "ApiGatewayAuthorizer"
                },
                "resultTtlInSeconds": 300,
                "identitySource": "method.request.header.Authorization",
                "claims": []
              },
              "integration": "AWS_PROXY"
            }
          }
        ],
        "name": "serverlesstask-dev-getRoles",
        "package": {},
        "memory": 1024,
        "timeout": 6,
        "runtime": "nodejs12.x",
        "vpc": {},
        "versionLogicalId": "GetRolesLambdaVersionwVhGymop3zYSht8ZIcTQeZYHSuCDmM0HKL4AqFnUQbA"
      },
      "getSuggestions": {
        "handler": "lambdas/getSuggestions.handler",
        "events": [
          {
            "http": {
              "path": "get-suggestions",
              "method": "get",
              "cors": {
                "origins": [
                  "*"
                ],
                "origin": "*",
                "methods": [
                  "OPTIONS",
                  "GET"
                ],
                "headers": [
                  "Content-Type",
                  "X-Amz-Date",
                  "Authorization",
                  "X-Api-Key",
                  "X-Amz-Security-Token",
                  "X-Amz-User-Agent"
                ],
                "allowCredentials": false
              },
              "authorizer": {
                "type": "COGNITO_USER_POOLS",
                "managedExternally": false,
                "authorizerId": {
                  "Ref": "ApiGatewayAuthorizer"
                },
                "resultTtlInSeconds": 300,
                "identitySource": "method.request.header.Authorization",
                "claims": []
              },
              "integration": "AWS_PROXY"
            }
          }
        ],
        "name": "serverlesstask-dev-getSuggestions",
        "package": {},
        "memory": 1024,
        "timeout": 6,
        "runtime": "nodejs12.x",
        "vpc": {},
        "versionLogicalId": "GetSuggestionsLambdaVersionng1MQKet2d0DlmFeUtWpV7pkyf9qdwKHuGsk6io1NM"
      },
      "getConnectionData": {
        "handler": "lambdas/getConnectionData.handler",
        "events": [
          {
            "http": {
              "path": "get-connectionData",
              "method": "get",
              "cors": {
                "origins": [
                  "*"
                ],
                "origin": "*",
                "methods": [
                  "OPTIONS",
                  "GET"
                ],
                "headers": [
                  "Content-Type",
                  "X-Amz-Date",
                  "Authorization",
                  "X-Api-Key",
                  "X-Amz-Security-Token",
                  "X-Amz-User-Agent"
                ],
                "allowCredentials": false
              },
              "authorizer": {
                "type": "COGNITO_USER_POOLS",
                "managedExternally": false,
                "authorizerId": {
                  "Ref": "ApiGatewayAuthorizer"
                },
                "resultTtlInSeconds": 300,
                "identitySource": "method.request.header.Authorization",
                "claims": []
              },
              "integration": "AWS_PROXY"
            }
          }
        ],
        "name": "serverlesstask-dev-getConnectionData",
        "package": {},
        "memory": 1024,
        "timeout": 6,
        "runtime": "nodejs12.x",
        "vpc": {},
        "versionLogicalId": "GetConnectionDataLambdaVersion3NQior00e9YiyNsr8etNQc1lbfRbR0AbWc2tev7EyQ"
      },
      "getContacts": {
        "handler": "lambdas/getContacts.handler",
        "events": [
          {
            "http": {
              "path": "get-contacts",
              "method": "get",
              "cors": {
                "origins": [
                  "*"
                ],
                "origin": "*",
                "methods": [
                  "OPTIONS",
                  "GET"
                ],
                "headers": [
                  "Content-Type",
                  "X-Amz-Date",
                  "Authorization",
                  "X-Api-Key",
                  "X-Amz-Security-Token",
                  "X-Amz-User-Agent"
                ],
                "allowCredentials": false
              },
              "authorizer": {
                "type": "COGNITO_USER_POOLS",
                "managedExternally": false,
                "authorizerId": {
                  "Ref": "ApiGatewayAuthorizer"
                },
                "resultTtlInSeconds": 300,
                "identitySource": "method.request.header.Authorization",
                "claims": []
              },
              "integration": "AWS_PROXY"
            }
          }
        ],
        "name": "serverlesstask-dev-getContacts",
        "package": {},
        "memory": 1024,
        "timeout": 6,
        "runtime": "nodejs12.x",
        "vpc": {},
        "versionLogicalId": "GetContactsLambdaVersionJ5JIfgnFfmt0cOJ3q30PnOTYDxruooTPzInjgmB8"
      },
      "getPeopleFromRDS": {
        "handler": "lambdas/getPeopleFromRDS.handler",
        "events": [
          {
            "http": {
              "path": "get-peoples",
              "method": "get",
              "cors": {
                "origins": [
                  "*"
                ],
                "origin": "*",
                "methods": [
                  "OPTIONS",
                  "GET"
                ],
                "headers": [
                  "Content-Type",
                  "X-Amz-Date",
                  "Authorization",
                  "X-Api-Key",
                  "X-Amz-Security-Token",
                  "X-Amz-User-Agent"
                ],
                "allowCredentials": false
              },
              "authorizer": {
                "type": "COGNITO_USER_POOLS",
                "managedExternally": false,
                "authorizerId": {
                  "Ref": "ApiGatewayAuthorizer"
                },
                "resultTtlInSeconds": 300,
                "identitySource": "method.request.header.Authorization",
                "claims": []
              },
              "integration": "AWS_PROXY"
            }
          }
        ],
        "name": "serverlesstask-dev-getPeopleFromRDS",
        "package": {},
        "memory": 1024,
        "timeout": 6,
        "runtime": "nodejs12.x",
        "vpc": {},
        "versionLogicalId": "GetPeopleFromRDSLambdaVersionrLKQ5Lo857H7ruFhOS6pWANzYNFYRBH8mKgVm7OsM"
      }
    },
    "resources": {
      "Resources": {
        "CognitoUserPool": {
          "Type": "AWS::Cognito::UserPool",
          "Properties": {
            "MfaConfiguration": "OFF",
            "UserPoolName": "my-user-pool",
            "UsernameAttributes": [
              "email"
            ],
            "AutoVerifiedAttributes": [
              "email"
            ],
            "Policies": {
              "PasswordPolicy": {
                "MinimumLength": 6,
                "RequireLowercase": false,
                "RequireNumbers": true,
                "RequireSymbols": false,
                "RequireUppercase": true
              }
            }
          }
        },
        "CognitoUserPoolClient": {
          "Type": "AWS::Cognito::UserPoolClient",
          "Properties": {
            "ClientName": "my-user-pool-client",
            "GenerateSecret": false,
            "UserPoolId": {
              "Ref": "CognitoUserPool"
            }
          }
        },
        "ApiGatewayAuthorizer": {
          "DependsOn": [
            "ApiGatewayRestApi"
          ],
          "Type": "AWS::ApiGateway::Authorizer",
          "Properties": {
            "Name": "cognito-authorizer",
            "IdentitySource": "method.request.header.Authorization",
            "RestApiId": {
              "Ref": "ApiGatewayRestApi"
            },
            "Type": "COGNITO_USER_POOLS",
            "ProviderARNs": [
              {
                "Fn::GetAtt": [
                  "CognitoUserPool",
                  "Arn"
                ]
              }
            ]
          }
        },
        "MyDB": {
          "Type": "AWS::RDS::DBInstance",
          "Properties": {
            "DBInstanceIdentifier": "demodb",
            "AllocatedStorage": "5",
            "DBInstanceClass": "db.t2.micro",
            "Engine": "MySQL",
            "MasterUsername": "admin",
            "MasterUserPassword": "password",
            "PubliclyAccessible": true,
            "Port": 3306
          }
        }
      },
      "Outputs": {}
    },
    "configValidationMode": "warn",
    "serviceFilename": "serverless.yml",
    "initialServerlessConfig": {
      "service": {
        "$ref": "$[\"service\"][\"serviceObject\"]"
      },
      "frameworkVersion": "2",
      "provider": {
        "$ref": "$[\"service\"][\"provider\"]"
      },
      "functions": {
        "$ref": "$[\"service\"][\"functions\"]"
      },
      "resources": {
        "$ref": "$[\"service\"][\"resources\"]"
      }
    },
    "layers": {},
    "isDashboardMonitoringPreconfigured": false,
    "artifact": "/Users/vj/serverless/serverlessTask/.serverless/serverlesstask.zip"
  },
  "package": {
    "artifactDirectoryName": "serverless/serverlesstask/dev/1624969472722-2021-06-29T12:24:32.722Z",
    "artifact": "serverlesstask.zip"
  }
}